{
	"schemaVersion": 1,
	"id": "prodeoy-mod",
	"version": "${version}",
	"name": "Prodeoy mod",
	"description": "This is an example description! Tell everyone what your mod is about!",
	"authors": [
		"Me!"
	],
	"contact": {
		"homepage": "https://fabricmc.net/",
		"sources": "https://github.com/FabricMC/fabric-example-mod"
	},
	"license": "CC0-1.0",
	"icon": "assets/prodeoy-mod/icon.png",
	"environment": "*",
	"entrypoints": {
		"main": [
			"com.prodoey2134.prodeoymod.ProdeoyMod"
		],
		"client": [
			"com.prodoey2134.prodeoymod.ProdeoyModClient"
		],
		"fabric-datagen": [
			"com.prodoey2134.prodeoymod.ProdeoyModDataGenerator"
		]
	},
	"mixins": [
		"prodeoy-mod.mixins.json",
		{
			"config": "prodeoy-mod.client.mixins.json",
			"environment": "client"
		}
	],
	"depends": {
		"fabricloader": ">=0.18.2",
		"minecraft": "~1.21",
		"java": ">=21",
		"fabric-api": "*"
	},
	"suggests": {
		"another-mod": "*"
	}
}