{
	"schemaVersion": 1,
	"id": "prodoeyg",
	"version": "${version}",
	"name": "Prodoeyg",
	"description": "This is an example description! Tell everyone what your mod is about!",
	"authors": [
		"Me!"
	],
	"contact": {
		"homepage": "https://fabricmc.net/",
		"sources": "https://github.com/FabricMC/fabric-example-mod"
	},
	"license": "CC0-1.0",
	"icon": "assets/prodoeyg/icon.png",
	"environment": "*",
	"entrypoints": {
		"main": [
			"com.prodeoy.prodeoyg.Prodoeyg"
		],
		"client": [
			"com.prodeoy.prodeoyg.ProdoeygClient"
		]
	},
	"mixins": [
		"prodoeyg.mixins.json",
		{
			"config": "prodoeyg.client.mixins.json",
			"environment": "client"
		}
	],
	"depends": {
		"fabricloader": ">=0.18.2",
		"minecraft": "~1.21",
		"java": ">=21",
		"fabric-api": "*"
	},
	"suggests": {
		"another-mod": "*"
	}
}